Post Date,BAI Description,Text,Transaction Type,Transaction Amount
01/05/2025,WIRE OUT,"202505010006089   ALISON NATHAN                       SALES, CUSTOMER DEVELOPMENT SERVICES",DEBIT,($7447.64)
01/07/2025,ACH DEBIT,"Deel, Inc.        Deel Inc.         250701            ST-D0P8M2M0Q3B0091000010847944",DEBIT,($20653.94)
01/10/2025,Ach,BEST BRILLIANCE   ACH Pmt           inv 254000040021000024303631,ACH CREDIT,$6000.00
01/12/2025,Wire,202512010001406   ISCAR LTD                           INVOICES 2540000047,,$29970.00
01/21/2025,WIRE IN INTL,202501210006172   1/CARDUMEN DEEPTECH II ILS SCR-PYME II ILS SCR PYMES.ALESSFEES,CREDIT,$220602.50
01/21/2025,WIRE IN INTL,202501210006171   1/CARDUMEN DEEPTECH II A SCR-PYME S II A SCR PYME S.AP/ACCMBNYUS33XXXLE,CREDIT,$401118.00
01/21/2025,WIRE IN INTL,202501210006173   1/CARDUMEN DEEPTECH FUND II FCRE    FUND II FCREPRESEE,CREDIT,$2128189.50
01/30/2025,WIRE OUT,202501300023983   BRANDLIGHT AI LTD                   BANK,DEBIT,($1000000.00)
02/04/2025,WIRE OUT,202504020007131   ALISON NATHAN                       INVOICE 1 03.25,DEBIT,($6346.15)
02/04/2025,WIRE OUT INTL,202504020007130   GOLDFARB GROSS SELIGMAN AND CO,DEBIT,($25000.00)
02/04/2025,WIRE OUT,202504020016440   BRANDLIGHT AI LTD                   BANK,DEBIT,($1000000.00)
02/05/2025,ACH DEBIT,THE HARTFORD      INSPMTCL          250502            17931060000000000000000,DEBIT,($2724.00)
02/09/2025,Ach,The Yard 2 Lower  SIGONFILE         250902111924685383112,ACH DEBIT,($3555.00)
02/09/2025,Ach,The Yard 2 Lower  SIGONFILE         250902111924685655685,ACH DEBIT,($1550.00)
02/10/2025,Ach,The Yard 2 Lower  SIGONFILE         251002111924680569234,ACH DEBIT,($1550.00)
02/28/2025,ACH DEBIT,Corp E Corp       E-CHECK           250228            0213474016000000000000000,DEBIT,($450.00)
03/07/2025,ACH CREDIT,Milan Laser       PAYABLES          250703            1013515021000026473212,CREDIT,$36000.00
03/10/2025,Ach,HARTFORD FIRE IN  TRADE EXC         251003            0000566520051000012428907,ACH CREDIT,$30000.00
03/11/2025,Ach,BRANDLIGHT LTD    LEVERAGED         251103000814210000164,,($3500.00)
03/11/2025,Ach,The Yard 2 Lower  SIGONFILE         251103111924685384450,,($1550.00)
04/08/2025,ACH DEBIT,BRANDLIGHT LTD    CONSULTING        250804001533270000004,DEBIT,($5833.34)
04/11/2025,Wire,"202511040002355   NSKNOX TECHNOLOGIES, INC            BRANDLIGHT INC",,($2.61)
04/11/2025,Wire,202511040002356   PHILIP STEIN AND ASSOCIATES LTD     PRO FORMA INVOICE PI25006749   BRAND,,($1375.00)
04/11/2025,Wire,202511040001880   PRIME ONLINE LIMITED                BRANDLIGHT INC. INV254000048 ROUTING,,$5960.29
04/11/2025,Ach,NSKNOX TECHNOLOG  PAYMENTS          251104051000016214918,,$2.96
04/12/2025,Ach,KIMBERLY CL6933   EDI PAYMNT        251204            5400808111031100204235244,,$25000.00
04/15/2025,WIRE IN,202504150005461   RAFAEL GIDRON ATTAR RAN MGMT INVEST,CREDIT,$75000.00
04/15/2025,WIRE IN,202504150005866   RAFAEL GIDRON C/O JULIAN GIDRON ATT,CREDIT,$25000.00
04/16/2025,WIRE OUT,202504160005990   ALISON NATHAN,DEBIT,($7447.64)
04/17/2025,WIRE IN,202504170009983   AARON LEV GOLDMAN                   551,CREDIT,$10000.00
04/24/2025,WIRE IN,202504240014833   WILLIAM H WISE,CREDIT,$100000.00
05/13/2025,WIRE OUT,202505130002147   ALISON NATHAN,DEBIT,($8146.15)
05/15/2025,ACCOUNT ANALYSIS FEE,ANALYSIS ACTIVITY                    FOR 04/25,DEBIT,($32.00)
05/16/2025,WIRE IN,202505160019529   DID ENTERPRISES LLC                 WIRE TEST -DID ENTERPRISES,CREDIT,$10.00
05/19/2025,WIRE OUT,"202505190002171   SOUTH EDGEWATER ADVISORS, LLC       KELLOGG CMO SUMMIT",DEBIT,($1195.00)
05/21/2025,WIRE IN,202505210013161   DID ENTERPRISES LLC                 DID INVESTMENT,CREDIT,$154990.00
05/23/2025,WIRE IN,202505230013990   LG UPLUS FUND II LLC                LG UPLUS FUND II LLC/REC/OUROUR,CREDIT,$499998.64
05/27/2025,WIRE OUT,202505270003550   AMY KELLEY,DEBIT,($674.46)
05/27/2025,WIRE OUT,202505270003583   BRANDLIGHT AI LTD,DEBIT,($1500000.00)
05/28/2025,WIRE OUT,202505280002318   BRANDLIGHT AI LTD,DEBIT,($1940000.00)
05/29/2025,WIRE OUT,202505290025568   ALISON NATHAN,DEBIT,($14446.15)
06/10/2025,Ach,NSKNOX TECHNOLOG  PAYMENTS          251006051000010343563,ACH CREDIT,$2.61
06/10/2025,Ach,"Deel, Inc.        Deel Inc.         251006            ST-H9G7U8P5N9Q3091000019797737",ACH DEBIT,($20702.06)
06/16/2025,ACH CREDIT,"Xebia USA, Inc.   ACCTVERIFY        250616            015JZSSSTFJ76LL021000026408009",CREDIT,$0.01
06/17/2025,ACCOUNT ANALYSIS FEE,ANALYSIS ACTIVITY                    FOR 05/25,DEBIT,($52.50)
06/24/2025,ACH CREDIT,"Xebia USA, Inc.   Bill.com           Xebia USA, Inc. Bill.com 015FRVGELWJJK6JFor Invoice# IN254000009021000025692289",CREDIT,$15000.00
06/24/2025,WIRE OUT,202506240007100   ALISON NATHAN                       SALES & CUSTOMER DEVELOPMENT SERVICE,DEBIT,($9946.15)
06/24/2025,WIRE OUT,"202506240007101   ALISON NATHAN                       SALES, CUSTOMER DEVELOPMENT SERVICES",DEBIT,($3173.00)
06/25/2025,WIRE OUT,"202506250000672   INFLUENCE COLLECTIVE, LLC           BLAIPRFIN",DEBIT,($11200.00)
07/05/2025,ACH DEBIT,"ADO, INC.         SALE              250507000000000000000",DEBIT,($5000.00)
07/07/2025,ACH DEBIT,"Deel, Inc.        Deel Inc.         250707            ST-H0Y7V5R0X7E0091000018794978",DEBIT,($105.00)
07/07/2025,ACH CREDIT,SLOANE & COMPANY  PAYMENT           IN254000008021000021275570,CREDIT,$20000.00
07/11/2025,Wire,202511070000868   PAYEM CSMRS PRGM FUNDING            BRANDLIGHT AI,,($100000.00)
07/15/2025,ACCOUNT ANALYSIS FEE,ANALYSIS ACTIVITY                    FOR 06/25,DEBIT,($35.00)
07/22/2025,WIRE OUT,202507220001474   ALAN OSETEK,DEBIT,($10000.00)
07/28/2025,WIRE OUT,202507280002092   PAYEM CSMRS PRGM FUNDING            BRANDLIGHT AI,DEBIT,($250.00)
07/29/2025,ACH CREDIT,BEST BRILLIANCE   ACH Pmt           in254000011021000021057626,CREDIT,$6000.00
07/31/2025,WIRE IN INTL,202507310002419   PRIME ONLINE LIMITED                BRANDLIGHT INC. IN2540000018ROUTINGN,CREDIT,$5960.09
08/04/2025,WIRE IN,202504080008280   MR JOHN CHARLES NARDONE AND MARY T,CREDIT,$50000.00
08/07/2025,WIRE OUT,"202507080000139   ALISON NATHAN                       SALES, CUSTOMER DEVELOPMENT SERVICES",DEBIT,($2500.00)
08/10/2025,Ach,BRANDLIGHT.AI     Stripe - B        251008            ST-Z7Z3A9E9G6J7111000027778891,ACH CREDIT,$10680.70
08/13/2025,WIRE OUT,"202508130002038   NATIONAL EMPLOYER SERVICES, LLC     BRANDLIGHT INC",DEBIT,($15066.50)
08/13/2025,WIRE OUT,202508130002039   ALAN OSETEK                         BRANDLIGHT AI,DEBIT,($10000.00)
08/18/2025,Ach,Publicis Groupe   ACCTVERIFY        250818064209623416297,ACH CREDIT,$0.01
08/18/2025,Ach,BRANDLIGHT LTD    LEVERAGED         250818000811490000021,ACH DEBIT,($3500.00)
08/18/2025,Ach,Teneo Strategy L   USSC 8.15        250815            00004362/5022000022724892,ACH CREDIT,$36000.00
08/18/2025,Ach,BRANDLIGHT LTD    CONSULTING        250818000811490000031,ACH DEBIT,($7291.67)
08/19/2025,Ach,Google LLC        ACCTVERIFY        250819064209623428787,ACH CREDIT,$0.01
08/28/2025,Wire,202508280019173   ANDREW BLOOM CONSULTING LLC         BRANDLIGHT INC,WIRE OUT,($10000.00)
08/28/2025,Deposit,,DEPOSIT,$25000.00
08/28/2025,Wire,"202508280019176   NATIONAL EMPLOYER SERVICES, LLC     BRANDLIGHT INC",WIRE OUT,($18311.84)
08/28/2025,Wire,202508280019175   DAN PALAN                           BRANDLIGHT INC,WIRE OUT,($9230.00)
08/28/2025,Wire,202508280019174   YOSEF SAHAR NURIEL                  BRANDLIGHT,WIRE OUT INTL,($1600.00)
08/29/2025,Ach,"SuSea, Inc.       ACCTVERIFY        250829            015OMALADXMT818021000021934460",ACH CREDIT,$0.01
09/09/2025,Ach,"Deel, Inc.        Deel Inc.         250909            ST-I8Z6W6P4T8S7091000014106953",ACH DEBIT,($19374.63)
09/10/2025,Ach,BRANDLIGHT LTD    NSKNOX TEC        251009000812490000092,ACH DEBIT,($2.61)
09/10/2025,Wire,202510090003248   CONNEXUS LIMITED                    BRANDLIGHT INVOICE NO343,WIRE OUT INTL,($6743.25)
09/10/2025,Wire,202510090003249   CENSUSWIDE LTD                      BRANDLIGHT INVOICE NUMBER  SIN4486CW,WIRE OUT INTL,($6000.00)
09/10/2025,Ach,BRANDLIGHT LTD    PUBLIC REL        251009000812490000017,ACH DEBIT,($12500.00)
09/12/2025,Wire,202512080027435   1/SAAR TECHNOLOGIES )Z.H( LTD       2540000053        /BNF/BOOK/2040933340JS,,$5470.00
09/15/2025,Wire,202509150001115   BRANDLIGHT AI LTD,WIRE IN INTL,$249970.00
09/15/2025,Ach,SLOANE & COMPANY  PAYMENT           IN2540000023021000021623115,ACH CREDIT,$20000.00
09/15/2025,Ach,iQuanti Inc.      ACCTVERIFY        250915            015CMPHJOZNM3WW021000020568419,ACH CREDIT,$0.01
09/16/2025,Wire,202509160002768   COLDIQ LLC                          BRANDLIGTH INVOICE NUMBER   25091200,WIRE OUT,($10000.00)
09/16/2025,,ANALYSIS ACTIVITY                    FOR 08/25,ACCOUNT ANALYSIS FEE,($87.36)
09/16/2025,Wire,202509160002834   GENER8 ADS LIMITED                  BRANDLIGHT INV 0487,WIRE OUT INTL,($315000.00)
09/17/2025,Ach,"SuSea, Inc.       Receivable        026IPCRVZ1L351Z SuSea, Inc. Bill.com InvIN2540000027021000026781223",ACH CREDIT,$36000.00
09/17/2025,Ach,MMS AS PAYCO6366  EDI PAYMNT        REF*TN*2539002389*3900238943 Various invoicesDUSUSUSD\031100200815706,ACH CREDIT,$63000.00
09/18/2025,Ach,iQuanti Inc.      Bill.com              iQuanti Inc. Bill.com 015NFGMFHNNSDB3Inv IN2540000013021000025016071,ACH CREDIT,$6000.00
09/18/2025,Ach,NATIONAL EMPLOYE  INVOICE           250918            1446005053200980826923,ACH DEBIT,($0.10)
09/22/2025,Ach,BRANDLIGHT LTD    PUBLIC REL        250922000809480000060,ACH DEBIT,($15322.58)
09/23/2025,Ach,Teneo Strategy L   USSC 9.19        250922            00004433/6022000020705740,ACH CREDIT,$18000.00
09/23/2025,Wire,"202509230015741   NSKNOX TECHNOLOGIES, INC            BRANDLIGHT INC",WIRE OUT,($1.60)
09/25/2025,Ach,WISE US INC       2540000017        From Inmarkets Limited Via WISE111000025791736,ACH CREDIT,$7500.00
09/25/2025,Wire,202509250000768   ANDREW BLOOM CONSULTING LLC         BRANDLIGHT INC,WIRE OUT,($10000.00)
09/25/2025,Ach,MMS AS PAYCO6366  EDI PAYMNT        REF*TN*2539002513*3900251323 Various invoicesDUSUSUSD\031100206160170,ACH CREDIT,$108000.00
09/26/2025,Ach,"AUCTANE, INC.     PAYMENTS          250926            900000014653502021000026007608",ACH CREDIT,$30000.00
09/29/2025,Ach,NATIONAL EMPLOYE  INVOICE           250927            H1454712053200983926963,ACH DEBIT,($17503.44)
09/30/2025,Wire,202509300001449   DAVID SHIELD - PASSPORTCARD LTD     /ROC/481-06-9067502///URI/IN25400000,WIRE IN INTL,$11468.00
10/02/2025,WIRE IN,202502100022058   G20 VENTURES IV LP,CREDIT,$2000000.00
10/03/2025,WIRE IN,202503100023083   PAREKH NAYAN PANKAJ /OR RAVESHIA C  NAYAN PAREKH INVESTMENTFUNDS       /XDAT/TMPN//BNF/FW,CREDIT,$10000.00
10/10/2025,Ach,NATIONAL EMPLOYE  INVOICE           251010            H1462542053200984687833,ACH DEBIT,($27717.90)
10/11/2025,Wire,"202511100023928   NSKNOX TECHNOLOGIES, INC            BRANDLIGHT",,($2.61)
10/11/2025,Wire,202511100023931   CENSUSWIDE LTD                      BRANDLIGHT REMAINING INV. SIN4486CW,,($6000.00)
10/15/2025,,ANALYSIS ACTIVITY                    FOR 09/25,,($85.22)
10/15/2025,Ach,BRANDLIGHT LTD    DINNER            251015001112290000045,,($4000.00)
10/20/2025,Ach,BRANDLIGHT LTD    BLUEGROUND        251020000803290000088,,($4878.00)
10/21/2025,Wire,202510210002437   PAYEM CSMRS PRGM FUNDING            BRANDLIGHT AI,,($50000.00)
10/21/2025,Wire,202510210002411   ANDREW BLOOM CONSULTING LLC         BRANDLIGHT INC,,($15000.00)
10/24/2025,Ach,FISHER INVESTMEN  INV-254000                          RMR*IK*INV-2540000041\111000029037424,,$36000.00
10/29/2025,Ach,NATIONAL EMPLOYE  INVOICE           251029            H1474823053200988010781,,($50147.11)
10/30/2025,Ach,"Deel, Inc.        Deel Inc.         251030            ST-D1U6N9B4Q8H6091000011704312",,($21347.11)
11/02/2025,ACH CREDIT,DAVID EDELMAN     SENDER            771305454000000000000000,CREDIT,$25000.00
11/06/2025,WIRE IN INTL,202506110000937   SOFWAVE MEDICAL LTD,CREDIT,$12500.00
11/06/2025,WIRE OUT,202506110016386   ALISON NATHAN,DEBIT,($14696.15)
11/09/2025,Ach,NSKNOX TECHNOLOG  PAYMENTS          250911051000016314384,ACH CREDIT,$1.60
11/12/2025,Ach,WISE US INC       2540000056        From Inmarkets Limited Via WISE111000022521506,,$7500.00
11/13/2025,Ach,MMS AS PAYCO6366  EDI PAYMNT        REF*TN*2539002976*3900297603 Various invoicesDUSUSUSD\031100206145483,,$2000.00
11/13/2025,Ach,IRS USER FEE      PAYMENT           251113            0000041036046194759,,($185.00)
11/17/2025,Wire,202511170002760   ANDREW BLOOM CONSULTING LLC         BRANDLIGHT INC,,($15000.00)
11/17/2025,Wire,202511170002778   CONNEXUS LIMITED                    BRANDLIGHT INVOICE NO342 AMSTERDAM,,($6743.25)
11/17/2025,,ANALYSIS ACTIVITY                    FOR 10/25,,($70.88)
11/19/2025,Wire,202511190000618   ATASH LAW P.C.                      BRANDLIGHT   INV 2281,,($3000.00)
11/19/2025,Wire,"202511190000619   HUBSPOT, INC                        BRANDLIGHT INVOICE #  674437393",,($2151.00)
11/21/2025,Wire,202511210000794   LEO BURNETT LIMITED                 /BNF//CHPREF/298487,,$68000.00
11/21/2025,Ach,LOGMEIN           11.19.2025        RMR*IK*IN2540000033\111000022952939,,$20000.00
11/25/2025,Ach,BRANDLIGHT LTD    PUBLIC REL        251125001111490000068,,($12500.00)
11/25/2025,Ach,Teneo Strategy L  USSC 11.21        251124            00004599/7022000022916539,,$18000.00
11/25/2025,Wire,"202511250006048   ARNON,TADMOR-LEVY                   BRANDLIGHT INC   901210",,($17617.50)
11/26/2025,Ach,"Deel, Inc.        Deel Inc.         251126            ST-N7E4S3U1O0W7091000017812118",,($20235.60)
11/28/2025,Ach,NATIONAL EMPLOYE  INVOICE           251127            H1496909053200985020828,,($57846.41)
12/08/2025,ACH CREDIT,Google LLC        ACCTVERIFY        250812064209623364219,CREDIT,$0.01
12/09/2025,Wire,"202509120023384   NATIONAL EMPLOYER SERVICES, LLC     BRANDLIGHT INC",WIRE OUT,($1968.94)
12/09/2025,Wire,"202509120000655   NATIONAL EMPLOYER SERVICES, LLC     BRANDLIGHT INC",WIRE OUT,($15208.33)
12/11/2025,,DEAL# 1449182,,($15000.00)
12/11/2025,Ach,NATIONAL EMPLOYE  INVOICE           251112            H1484129053200986774404,,($44612.11)
12/11/2025,Wire,202511120004018   SAS CADOA                           BRANDLIGHT  CAD2442,,($2691.60)
12/11/2025,Wire,202511120001515   BRANDLIGHT AI LTD,,$99970.00
12/12/2025,Wire,202512120000975   SOFWAVE MEDICAL LTD                 INVOICE NO. 034 DATED 1NOV25,,$12500.00
12/12/2025,Wire,202512120015893   ANDREW BLOOM CONSULTING LLC         BRANDLIGHT INC,,($15000.00)
12/12/2025,Wire,202512120000975   SOFWAVE MEDICAL LTD                 INVOICE NO. 034 DATED 1NOV25,,$12500.00
12/12/2025,Wire,202512120015894   PHILIP STEIN AND ASSOCIATES LTD     PRO FORMA INVOICE PI25006749   BRAND,,($400.00)
12/12/2025,Wire,202512120015895   XVERUM LLC                          BRANDLIGHT,,($251.00)
12/12/2025,Ach,NATIONAL EMPLOYE  INVOICE           251212            H1505343053200981966806,,($62480.72)
12/15/2025,Wire,202512150001839   DAVID SHIELD - PASSPORTCARD LTD     INV-2540000049 PAYMENTFROM HQ INV-2,,$11468.00
12/15/2025,Wire,202512150001590   BRANDLIGHT AI LTD,,$179970.00
12/16/2025,Wire,202512160000060   1/ZYG EDGE LTD                      INV-2540000050    /BNF/BOOK/2142221348JS,,$6000.00
12/16/2025,,ANALYSIS ACTIVITY                    FOR 11/25,,($180.44)
12/22/2025,Wire,202512220022108   TENEO STRATEGY LIMITED              /ROC/BRANDLIGHT INC///URI/INV-254000/BNF//CHPREF/85870,,$24000.00
12/24/2025,Ach,DATA AXLE         PJP ACH 12        251223            133326042000010853801,,$30000.00
12/26/2025,Wire,"202512260018195   PELION VENTURES VIII-A, L.P.        PELION VENTURES VIII-A- SERIES A -B",,$73500.47
12/26/2025,Wire,"202512260018198   PELION VENTURES VIII-C, L.P.        PELION VENTURES VIII-C- SERIES A -B",,$394500.38
12/26/2025,Wire,202512260018197   PELION VENTURES VIII - ENTREPRENEU+ PELION VENTURES VIII-ENTREPRENEURSFU,,$728999.32
12/26/2025,Wire,202512260018536   PELION VENTURES VIII FINANCIAL      PELION VENTURES VIII FIF - SERIES A-,,$6336001.38
12/26/2025,Wire,"202512260018196   PELION VENTURES VIII, L.P.          PELION VENTURES VIII -SERIES A - BR",,$7466994.78
12/29/2025,Wire,202512290002823   PAYEM CSMRS PRGM FUNDING            BRANDLIGHT AI,,($300000.00)
12/29/2025,Wire,202512290003170   XVERUM LLC                          BRANDLIGHT,,($100.00)
12/29/2025,Ach,"Deel, Inc.        Deel Inc.         251229            ST-N1L4Q0K4H2D5091000015093394",,($20734.33)
12/30/2025,Wire,202512300017687   G20 VENTURES IV LP                  BRANDLIGHT INC SAFE,,$3000000.00
12/30/2025,Ach,HARTFORD FIRE IN  TRADE EXC         251230            0000572917051000010124926,,$64500.00
12/31/2025,Ach,NATIONAL EMPLOYE  INVOICE           251231            H1518386053200982969516,,($58945.81)
12/31/2025,Deposit,,,$36000.00
12/31/2025,Wire,202601050000914   LLORENTE   CUENCA MADRID SL         /ROC/1893696010AFJQ18/URI/IN254000/BNF//BOOK/2146514,,$3318.00
12/31/2025,Wire,202601050004399   CARDUMEN DEEPTECH II ILS SCR-PYME   ABA/ROUTING NUMBER 21201383 MBNYUS33/OTHR/MBNYUS33XXX,,$160461.13
12/31/2025,Wire,202601050004397   CARDUMEN DEEPTECH II A SCR-PYME S   PLEASE PAY IN FULL/OTHR/MBNYUS33XXX,,$291749.86
12/31/2025,Wire,202601050004403   CARDUMEN DEEPTECH FUND II FCRE      PLEASE PAY IN FULL/OTHR/MBNYUS33XXX,,$1547793.70
12/31/2025,Wire,202601070000745   MAYER BROWN LLP                     25802709 INVESTMENT INBRANDLIGHT,,($50000.00)
12/31/2025,Ach,GOOGLE            ACCTVERIFY        260108            US004A0Q45091000014139746,,$0.10
